action_type,activity_comment,activity_id,activity_properties,assay_chembl_id,assay_description,assay_type,assay_variant_accession,assay_variant_mutation,bao_endpoint,bao_format,bao_label,canonical_smiles,data_validity_comment,data_validity_description,document_chembl_id,document_journal,document_year,ligand_efficiency,molecule_chembl_id,molecule_pref_name,parent_molecule_chembl_id,pchembl_value,potential_duplicate,qudt_units,record_id,relation,src_id,standard_flag,standard_relation,standard_text_value,standard_type,standard_units,standard_upper_value,standard_value,target_chembl_id,target_organism,target_pref_name,target_tax_id,text_value,toid,type,units,uo_units,upper_value,value
,,111851,[],CHEMBL763068,Inhibitory activity against Prostaglandin G/H synthase,B,,,BAO_0000190,BAO_0000224,protein format,O=C(O)c1ccccc1OCCN1C(=O)C=CC1=O,Outside typical range,"Values for this activity type are unusually large/small, so may not be accurate",CHEMBL1129063,J Med Chem,1996,,CHEMBL50011,,CHEMBL50011,,0,http://www.openphacts.org/units/Nanomolar,77000,=,1,1,=,,IC50,nM,,250000.0,CHEMBL2094253,Homo sapiens,Cyclooxygenase,9606,,,IC50,uM,UO_0000065,,250.0
,,114562,[],CHEMBL763068,Inhibitory activity against Prostaglandin G/H synthase,B,,,BAO_0000190,BAO_0000224,protein format,CC(=O)Oc1ccc(N2C(=O)C=CC2=O)cc1C(=O)O,,,CHEMBL1129063,J Med Chem,1996,"{'bei': '16.49', 'le': '0.31', 'lle': '3.80', 'sei': '4.49'}",CHEMBL44376,,CHEMBL44376,4.54,0,http://www.openphacts.org/units/Nanomolar,77014,=,1,1,=,,IC50,nM,,29000.0,CHEMBL2094253,Homo sapiens,Cyclooxygenase,9606,,,IC50,uM,UO_0000065,,29.0
,,115806,[],CHEMBL763068,Inhibitory activity against Prostaglandin G/H synthase,B,,,BAO_0000190,BAO_0000224,protein format,O=C(O)CCCCCCCCCCCN1C(=O)C=CC1=O,Outside typical range,"Values for this activity type are unusually large/small, so may not be accurate",CHEMBL1129063,J Med Chem,1996,,CHEMBL46088,,CHEMBL46088,,0,http://www.openphacts.org/units/Nanomolar,77006,=,1,1,=,,IC50,nM,,140000.0,CHEMBL2094253,Homo sapiens,Cyclooxygenase,9606,,,IC50,uM,UO_0000065,,140.0
,,118422,[],CHEMBL763068,Inhibitory activity against Prostaglandin G/H synthase,B,,,BAO_0000190,BAO_0000224,protein format,O=C(O)CCCCCCCCCN1C(=O)C=CC1=O,,,CHEMBL1129063,J Med Chem,1996,"{'bei': '16.58', 'le': '0.32', 'lle': '2.31', 'sei': '5.93'}",CHEMBL49831,,CHEMBL49831,4.43,0,http://www.openphacts.org/units/Nanomolar,77008,=,1,1,=,,IC50,nM,,37000.0,CHEMBL2094253,Homo sapiens,Cyclooxygenase,9606,,,IC50,uM,UO_0000065,,37.0
,,119507,[],CHEMBL763068,Inhibitory activity against Prostaglandin G/H synthase,B,,,BAO_0000190,BAO_0000224,protein format,CCCCCCCCCCN1C(=O)C=CC1=O,,,CHEMBL1129063,J Med Chem,1996,"{'bei': '20.45', 'le': '0.39', 'lle': '1.80', 'sei': '12.99'}",CHEMBL47697,,CHEMBL47697,4.85,0,http://www.openphacts.org/units/Nanomolar,77003,=,1,1,=,,IC50,nM,,14000.0,CHEMBL2094253,Homo sapiens,Cyclooxygenase,9606,,,IC50,uM,UO_0000065,,14.0
,,120852,[],CHEMBL763068,Inhibitory activity against Prostaglandin G/H synthase,B,,,BAO_0000190,BAO_0000224,protein format,Cc1ccccc1CN1C(=O)C=CC1=O,,,CHEMBL1129063,J Med Chem,1996,"{'bei': '21.37', 'le': '0.39', 'lle': '2.88', 'sei': '11.51'}",CHEMBL298573,,CHEMBL298573,4.30,0,http://www.openphacts.org/units/Nanomolar,76999,=,1,1,=,,IC50,nM,,50000.0,CHEMBL2094253,Homo sapiens,Cyclooxygenase,9606,,,IC50,uM,UO_0000065,,50.0
,,121987,[],CHEMBL763068,Inhibitory activity against Prostaglandin G/H synthase,B,,,BAO_0000190,BAO_0000224,protein format,O=C(O)c1ccc(CN2C(=O)C=CC2=O)cc1,,,CHEMBL1129063,J Med Chem,1996,"{'bei': '19.76', 'le': '0.37', 'lle': '3.76', 'sei': '6.12'}",CHEMBL295991,,CHEMBL295991,4.57,0,http://www.openphacts.org/units/Nanomolar,77013,=,1,1,=,,IC50,nM,,27000.0,CHEMBL2094253,Homo sapiens,Cyclooxygenase,9606,,,IC50,uM,UO_0000065,,27.0
,,123257,[],CHEMBL763068,Inhibitory activity against Prostaglandin G/H synthase,B,,,BAO_0000190,BAO_0000224,protein format,O=C(O)CCCCCCN1C(=O)C=CC1=O,Outside typical range,"Values for this activity type are unusually large/small, so may not be accurate",CHEMBL1129063,J Med Chem,1996,,CHEMBL47645,,CHEMBL47645,,0,http://www.openphacts.org/units/Nanomolar,77011,=,1,1,=,,IC50,nM,,570000.0,CHEMBL2094253,Homo sapiens,Cyclooxygenase,9606,,,IC50,uM,UO_0000065,,570.0
,,129689,[],CHEMBL763068,Inhibitory activity against Prostaglandin G/H synthase,B,,,BAO_0000190,BAO_0000224,protein format,CCCCCCCCCN1C(=O)C=CC1=O,,,CHEMBL1129063,J Med Chem,1996,"{'bei': '22.03', 'le': '0.42', 'lle': '2.26', 'sei': '13.16'}",CHEMBL47299,,CHEMBL47299,4.92,0,http://www.openphacts.org/units/Nanomolar,77012,=,1,1,=,,IC50,nM,,12000.0,CHEMBL2094253,Homo sapiens,Cyclooxygenase,9606,,,IC50,uM,UO_0000065,,12.0
,,129690,[],CHEMBL763068,Inhibitory activity against Prostaglandin G/H synthase,B,,,BAO_0000190,BAO_0000224,protein format,O=C(O)CCCCCCCN1C(=O)C=CC1=O,,,CHEMBL1129063,J Med Chem,1996,"{'bei': '29.26', 'le': '0.56', 'lle': '5.66', 'sei': '9.37'}",CHEMBL47644,,CHEMBL47644,7.00,0,http://www.openphacts.org/units/Nanomolar,77010,=,1,1,=,,IC50,nM,,100.0,CHEMBL2094253,Homo sapiens,Cyclooxygenase,9606,,,IC50,uM,UO_0000065,,0.1
,,139545,[],CHEMBL763068,Inhibitory activity against Prostaglandin G/H synthase,B,,,BAO_0000190,BAO_0000224,protein format,O=C(O)CCCCCCCCCCN1C(=O)C=CC1=O,,,CHEMBL1129063,J Med Chem,1996,"{'bei': '15.63', 'le': '0.30', 'lle': '1.89', 'sei': '5.89'}",CHEMBL298171,,CHEMBL298171,4.40,0,http://www.openphacts.org/units/Nanomolar,77007,=,1,1,=,,IC50,nM,,40000.0,CHEMBL2094253,Homo sapiens,Cyclooxygenase,9606,,,IC50,uM,UO_0000065,,40.0
,,141816,[],CHEMBL763068,Inhibitory activity against Prostaglandin G/H synthase,B,,,BAO_0000190,BAO_0000224,protein format,O=C(O)CCCCCCCCN1C(=O)C=CC1=O,,,CHEMBL1129063,J Med Chem,1996,"{'bei': '18.10', 'le': '0.35', 'lle': '2.86', 'sei': '6.14'}",CHEMBL49832,,CHEMBL49832,4.58,0,http://www.openphacts.org/units/Nanomolar,77009,=,1,1,=,,IC50,nM,,26000.0,CHEMBL2094253,Homo sapiens,Cyclooxygenase,9606,,,IC50,uM,UO_0000065,,26.0
,,141825,[],CHEMBL763068,Inhibitory activity against Prostaglandin G/H synthase,B,,,BAO_0000190,BAO_0000224,protein format,CCCCCCCCN1C(=O)C=CC1=O,,,CHEMBL1129063,J Med Chem,1996,"{'bei': '24.11', 'le': '0.46', 'lle': '2.78', 'sei': '13.50'}",CHEMBL297332,,CHEMBL297332,5.05,0,http://www.openphacts.org/units/Nanomolar,77004,=,1,1,=,,IC50,nM,,9000.0,CHEMBL2094253,Homo sapiens,Cyclooxygenase,9606,,,IC50,uM,UO_0000065,,9.0
,,303642,[],CHEMBL763070,Inhibitory concentration against sheep seminal vesicle Prostaglandin G/H synthase,F,,,BAO_0000190,BAO_0000221,tissue-based format,NC(=O)N(O)CC1=Cc2cc(Oc3ccccc3)ccc2OC1,,,CHEMBL1127079,J Med Chem,1993,,CHEMBL116719,,CHEMBL116719,4.44,0,http://www.openphacts.org/units/Nanomolar,227187,=,1,1,=,,IC50,nM,,36000.0,CHEMBL2094253,Homo sapiens,Cyclooxygenase,9606,,,IC50,uM,UO_0000065,,36.0
,,482650,[],CHEMBL762413,Inhibitory activity against Prostaglandin G/H synthase,B,,,BAO_0000190,BAO_0000224,protein format,c1ccc(CNc2nc(-c3cccnc3)nc3ccccc23)cc1,,,CHEMBL1128541,J Med Chem,1995,"{'bei': '13.77', 'le': '0.24', 'lle': '0.00', 'sei': '8.48'}",CHEMBL119841,,CHEMBL119841,4.30,0,http://www.openphacts.org/units/Nanomolar,224981,=,1,1,=,,IC50,nM,,50000.0,CHEMBL2094253,Homo sapiens,Cyclooxygenase,9606,,,IC50,uM,UO_0000065,,50.0
,,493353,[],CHEMBL762413,Inhibitory activity against Prostaglandin G/H synthase,B,,,BAO_0000190,BAO_0000224,protein format,c1ccc(CNc2nc(-c3ccncc3)nc3ccccc23)cc1,,,CHEMBL1128541,J Med Chem,1995,"{'bei': '15.54', 'le': '0.28', 'lle': '0.55', 'sei': '9.57'}",CHEMBL118462,,CHEMBL118462,4.85,0,http://www.openphacts.org/units/Nanomolar,224980,=,1,1,=,,IC50,nM,,14000.0,CHEMBL2094253,Homo sapiens,Cyclooxygenase,9606,,,IC50,uM,UO_0000065,,14.0
,,508900,[],CHEMBL762413,Inhibitory activity against Prostaglandin G/H synthase,B,,,BAO_0000190,BAO_0000224,protein format,c1ccc(CNc2nc(-n3ccnc3)nc3ccccc23)cc1,,,CHEMBL1128541,J Med Chem,1995,"{'bei': '14.24', 'le': '0.25', 'lle': '0.86', 'sei': '7.72'}",CHEMBL118944,,CHEMBL118944,4.29,0,http://www.openphacts.org/units/Nanomolar,224972,=,1,1,=,,IC50,nM,,51000.0,CHEMBL2094253,Homo sapiens,Cyclooxygenase,9606,,,IC50,uM,UO_0000065,,51.0
,,612755,[],CHEMBL763065,Compound was tested in vitro for inhibition of Prostaglandin G/H synthase sheep seminal vesicle,B,,,BAO_0000190,BAO_0000224,protein format,O=C1CCN(c2ccccc2)N1,,,CHEMBL1129426,J Med Chem,1996,"{'bei': '24.83', 'le': '0.46', 'lle': '3.10', 'sei': '12.45'}",CHEMBL7660,PHENIDONE,CHEMBL7660,4.03,1,http://www.openphacts.org/units/Nanomolar,245113,=,1,1,=,,IC50,nM,,94000.0,CHEMBL2094253,Homo sapiens,Cyclooxygenase,9606,,,IC50,uM,UO_0000065,,94.0
,,612760,[],CHEMBL767505,In vitro cyclooxygenase inhibitory activity against calcium ionophore (A23187) induced thromboxane formation in human whole blood,F,,,BAO_0000190,BAO_0000221,tissue-based format,O=C1CCN(c2ccccc2)N1,,,CHEMBL1129426,J Med Chem,1996,,CHEMBL7660,PHENIDONE,CHEMBL7660,4.92,1,http://www.openphacts.org/units/Nanomolar,245113,=,1,1,=,,IC50,nM,,12000.0,CHEMBL2094253,Homo sapiens,Cyclooxygenase,9606,,,IC50,uM,UO_0000065,,12.0
,,677098,[],CHEMBL767506,In vitro inhibition of Prostaglandin G/H synthase from human polymorphs,B,,,BAO_0000190,BAO_0000224,protein format,CN(O)C(=O)/C=C/c1cccc(Oc2ccccc2)c1,,,CHEMBL1124047,J Med Chem,1988,"{'bei': '19.68', 'le': '0.36', 'lle': '1.96', 'sei': '10.65'}",CHEMBL146730,,CHEMBL146730,5.30,0,http://www.openphacts.org/units/Nanomolar,285706,=,1,1,=,,IC50,nM,,5000.0,CHEMBL2094253,Homo sapiens,Cyclooxygenase,9606,,,IC50,uM,UO_0000065,,5.0
,,680874,[],CHEMBL767506,In vitro inhibition of Prostaglandin G/H synthase from human polymorphs,B,,,BAO_0000190,BAO_0000224,protein format,CC(=O)N(O)C/C=C/c1cccc(Oc2ccccc2)c1,,,CHEMBL1124047,J Med Chem,1988,"{'bei': '19.39', 'le': '0.36', 'lle': '1.76', 'sei': '11.04'}",CHEMBL314360,,CHEMBL314360,5.50,0,http://www.openphacts.org/units/Nanomolar,285705,=,1,1,=,,IC50,nM,,3200.0,CHEMBL2094253,Homo sapiens,Cyclooxygenase,9606,,,IC50,uM,UO_0000065,,3.2
,,686560,[],CHEMBL767507,In vitro inhibitory activity against cyclooxygenase of human platelets was determined,B,,,BAO_0000190,BAO_0000019,assay format,COc1ccc2c(c1)c(CC(=O)O)c(C)n2C(=O)c1ccc(Cl)cc1,,,CHEMBL1123866,J Med Chem,1987,"{'bei': '22.36', 'le': '0.44', 'lle': '4.07', 'sei': '11.67'}",CHEMBL6,INDOMETHACIN,CHEMBL6,8.00,0,http://www.openphacts.org/units/Nanomolar,319450,=,1,1,=,,IC50,nM,,10.0,CHEMBL2094253,Homo sapiens,Cyclooxygenase,9606,,,IC50,M,UO_0000065,,1E-8
,,697141,[],CHEMBL767506,In vitro inhibition of Prostaglandin G/H synthase from human polymorphs,B,,,BAO_0000190,BAO_0000224,protein format,CC(=O)N(O)Cc1ccc(OCc2ccccc2)cc1,,,CHEMBL1124047,J Med Chem,1988,"{'bei': '17.17', 'le': '0.32', 'lle': '1.66', 'sei': '9.36'}",CHEMBL61608,,CHEMBL61608,4.66,0,http://www.openphacts.org/units/Nanomolar,285704,=,1,1,=,,IC50,nM,,22000.0,CHEMBL2094253,Homo sapiens,Cyclooxygenase,9606,,,IC50,uM,UO_0000065,,22.0
,,698812,[],CHEMBL767507,In vitro inhibitory activity against cyclooxygenase of human platelets was determined,B,,,BAO_0000190,BAO_0000019,assay format,CC(=O)Oc1ccccc1C(=O)O,,,CHEMBL1123866,J Med Chem,1987,"{'bei': '26.78', 'le': '0.51', 'lle': '3.51', 'sei': '7.58'}",CHEMBL25,ASPIRIN,CHEMBL25,4.82,0,http://www.openphacts.org/units/Nanomolar,319458,=,1,1,=,,IC50,nM,,15000.0,CHEMBL2094253,Homo sapiens,Cyclooxygenase,9606,,,IC50,M,UO_0000065,,0.000015
,,715086,[],CHEMBL762416,The compound was tested for inhibitory activity against Prostaglandin G/H synthase in human polymorphonuclear leukocytes[PMNS],B,,,BAO_0000190,BAO_0000219,cell-based format,CC(C)(C)c1cc(-c2cn3ncc(=O)nc3s2)cc(C(C)(C)C)c1O,,,CHEMBL1125472,J Med Chem,1992,"{'bei': '12.87', 'le': '0.25', 'lle': '0.48', 'sei': '6.82'}",CHEMBL313245,,CHEMBL313245,4.60,0,http://www.openphacts.org/units/Nanomolar,151470,=,1,1,=,,IC50,nM,,25000.0,CHEMBL2094253,Homo sapiens,Cyclooxygenase,9606,,,IC50,uM,UO_0000065,,25.0
,,725560,[],CHEMBL762416,The compound was tested for inhibitory activity against Prostaglandin G/H synthase in human polymorphonuclear leukocytes[PMNS],B,,,BAO_0000190,BAO_0000219,cell-based format,CC(C)(C)CC(=O)c1c(CC(C)(C)C(=O)O)n(Cc2ccc(Cl)cc2)c2ccc(OCc3ccc4ccccc4n3)cc12,,,CHEMBL1125472,J Med Chem,1992,"{'bei': '14.57', 'le': '0.28', 'lle': '-0.04', 'sei': '10.68'}",CHEMBL314337,,CHEMBL314337,8.70,0,http://www.openphacts.org/units/Nanomolar,151469,=,1,1,=,,IC50,nM,,2.0,CHEMBL2094253,Homo sapiens,Cyclooxygenase,9606,,,IC50,nM,UO_0000065,,2.0
,,749510,[],CHEMBL762416,The compound was tested for inhibitory activity against Prostaglandin G/H synthase in human polymorphonuclear leukocytes[PMNS],B,,,BAO_0000190,BAO_0000219,cell-based format,NC1=NN(c2cccc(C(F)(F)F)c2)CC1,,,CHEMBL1125472,J Med Chem,1992,"{'bei': '21.47', 'le': '0.42', 'lle': '2.73', 'sei': '11.82'}",CHEMBL274642,BW-755C,CHEMBL274642,4.92,0,http://www.openphacts.org/units/Nanomolar,151486,=,1,1,=,,IC50,nM,,12000.0,CHEMBL2094253,Homo sapiens,Cyclooxygenase,9606,,,IC50,uM,UO_0000065,,12.0
,,809716,[],CHEMBL856202,Ability to inhibit Prostaglandin G/H synthase in guinea pig,B,,,BAO_0000190,BAO_0000224,protein format,CCCc1c(OCCCCc2nnn[nH]2)ccc(C(C)=O)c1O,,,CHEMBL1123645,J Med Chem,1987,"{'bei': '13.68', 'le': '0.26', 'lle': '1.90', 'sei': '4.31'}",CHEMBL162358,TOMELUKAST,CHEMBL162358,4.36,0,http://www.openphacts.org/units/Nanomolar,113633,=,1,1,=,,IC50,nM,,44000.0,CHEMBL2094253,Homo sapiens,Cyclooxygenase,9606,,,IC50,uM,UO_0000065,,44.0
,,810966,[],CHEMBL856202,Ability to inhibit Prostaglandin G/H synthase in guinea pig,B,,,BAO_0000190,BAO_0000224,protein format,CCCCCC(O)c1cccc(OCc2ccc3ccccc3n2)c1,,,CHEMBL1123645,J Med Chem,1987,"{'bei': '15.73', 'le': '0.29', 'lle': '-0.15', 'sei': '12.46'}",CHEMBL8747,REV-5901,CHEMBL8747,5.28,0,http://www.openphacts.org/units/Nanomolar,113632,=,1,1,=,,IC50,nM,,5300.0,CHEMBL2094253,Homo sapiens,Cyclooxygenase,9606,,,IC50,uM,UO_0000065,,5.3
,,828164,[],CHEMBL763067,Inhibition of Prostaglandin G/H synthase activity in sheep seminal vesicle was determined 100 uM,B,,,BAO_0000190,BAO_0000221,tissue-based format,O=C(/C=C/c1ccc(O)c(O)c1)c1ccc(O)cc1O,Outside typical range,"Values for this activity type are unusually large/small, so may not be accurate",CHEMBL1127082,J Med Chem,1993,,CHEMBL128000,BUTEIN,CHEMBL128000,,0,http://www.openphacts.org/units/Nanomolar,243243,=,1,1,=,,IC50,nM,,120000.0,CHEMBL2094253,Homo sapiens,Cyclooxygenase,9606,,,IC50,uM,UO_0000065,,120.0
,,829317,[],CHEMBL763067,Inhibition of Prostaglandin G/H synthase activity in sheep seminal vesicle was determined 100 uM,B,,,BAO_0000190,BAO_0000221,tissue-based format,O=C(/C=C/c1ccc(O)c(O)c1)c1ccccc1Cl,,,CHEMBL1127082,J Med Chem,1993,"{'bei': '15.10', 'le': '0.30', 'lle': '0.50', 'sei': '7.21'}",CHEMBL128012,,CHEMBL128012,4.15,0,http://www.openphacts.org/units/Nanomolar,243200,=,1,1,=,,IC50,nM,,71000.0,CHEMBL2094253,Homo sapiens,Cyclooxygenase,9606,,,IC50,uM,UO_0000065,,71.0
,,829367,[],CHEMBL785226,Inhibitory activity against the production of prostaglandin E2 (PGE2) in glycogen-induced peritoneal cells of rat,F,,,BAO_0000190,BAO_0000019,assay format,Cc1c(O)c2ccccc2c2nc(NCc3cccnc3)sc12,,,CHEMBL1127462,J Med Chem,1994,,CHEMBL321358,,CHEMBL321358,5.26,0,http://www.openphacts.org/units/Nanomolar,194591,=,1,1,=,,IC50,nM,,5500.0,CHEMBL2094253,Homo sapiens,Cyclooxygenase,9606,,,IC50,uM,UO_0000065,,5.5
,,831650,[],CHEMBL763067,Inhibition of Prostaglandin G/H synthase activity in sheep seminal vesicle was determined 100 uM,B,,,BAO_0000190,BAO_0000221,tissue-based format,O=C(/C=C/c1ccc(O)cc1)c1ccc(O)cc1O,Outside typical range,"Values for this activity type are unusually large/small, so may not be accurate",CHEMBL1127082,J Med Chem,1993,,CHEMBL129795,ISOLIQUIRITIGENIN,CHEMBL129795,,0,http://www.openphacts.org/units/Nanomolar,243246,=,1,1,=,,IC50,nM,,130000.0,CHEMBL2094253,Homo sapiens,Cyclooxygenase,9606,,,IC50,uM,UO_0000065,,130.0
,,835083,[],CHEMBL763067,Inhibition of Prostaglandin G/H synthase activity in sheep seminal vesicle was determined 100 uM,B,,,BAO_0000190,BAO_0000221,tissue-based format,COc1cc(/C=C/C(=O)c2ccccc2O)ccc1O,,,CHEMBL1127082,J Med Chem,1993,"{'bei': '15.54', 'le': '0.29', 'lle': '1.20', 'sei': '6.29'}",CHEMBL130640,,CHEMBL130640,4.20,0,http://www.openphacts.org/units/Nanomolar,243203,=,1,1,=,,IC50,nM,,63000.0,CHEMBL2094253,Homo sapiens,Cyclooxygenase,9606,,,IC50,uM,UO_0000065,,63.0
,,856263,[],CHEMBL763067,Inhibition of Prostaglandin G/H synthase activity in sheep seminal vesicle was determined 100 uM,B,,,BAO_0000190,BAO_0000221,tissue-based format,O=C(/C=C/c1ccc(O)c(O)c1)c1ccccc1O,,,CHEMBL1127082,J Med Chem,1993,"{'bei': '17.00', 'le': '0.31', 'lle': '1.66', 'sei': '5.60'}",CHEMBL339587,,CHEMBL339587,4.36,0,http://www.openphacts.org/units/Nanomolar,243194,=,1,1,=,,IC50,nM,,44000.0,CHEMBL2094253,Homo sapiens,Cyclooxygenase,9606,,,IC50,uM,UO_0000065,,44.0
,,859933,[],CHEMBL785226,Inhibitory activity against the production of prostaglandin E2 (PGE2) in glycogen-induced peritoneal cells of rat,F,,,BAO_0000190,BAO_0000019,assay format,Oc1cc(-c2ccccc2)c2nc(NCc3cccnc3)sc2c1,,,CHEMBL1127462,J Med Chem,1994,,CHEMBL322015,,CHEMBL322015,5.02,0,http://www.openphacts.org/units/Nanomolar,194592,=,1,1,=,,IC50,nM,,9600.0,CHEMBL2094253,Homo sapiens,Cyclooxygenase,9606,,,IC50,uM,UO_0000065,,9.6
,,903666,[],CHEMBL767509,Inhibition of human Prostaglandin G/H synthase in human cells,B,,,BAO_0000190,BAO_0000219,cell-based format,CC1(C)Cc2c(-c3ccccc3)c(-c3ccc(Cl)cc3)c(CC(=O)O)n2C1,,,CHEMBL1127551,J Med Chem,1994,"{'bei': '17.89', 'le': '0.34', 'lle': '1.12', 'sei': '16.09'}",CHEMBL300982,LICOFELONE,CHEMBL300982,6.80,0,http://www.openphacts.org/units/Nanomolar,95584,=,1,1,=,,IC50,nM,,160.0,CHEMBL2094253,Homo sapiens,Cyclooxygenase,9606,,,IC50,uM,UO_0000065,,0.16
,,1005507,[],CHEMBL762601,Inhibitory concentration against Prostaglandin G/H synthase from isolated rabbit granulocytes,B,,,BAO_0000190,BAO_0000019,assay format,Cn1c2c(c3cc(O)ccc31)CCCCC2,,,CHEMBL1130341,J Med Chem,1997,"{'bei': '29.72', 'le': '0.55', 'lle': '3.25', 'sei': '25.43'}",CHEMBL19657,,CHEMBL19657,6.40,0,http://www.openphacts.org/units/Nanomolar,24267,=,1,1,=,,IC50,nM,,400.0,CHEMBL2094253,Homo sapiens,Cyclooxygenase,9606,,,IC50,M,UO_0000065,,4E-7
,,1168187,[],CHEMBL767508,In vitro inhibitory activity against Prostaglandin G/H synthase,B,,,BAO_0000190,BAO_0000224,protein format,O=C(O)CCCCCc1cccc2cncn12,,,CHEMBL1122885,J Med Chem,1985,"{'bei': '21.53', 'le': '0.40', 'lle': '2.48', 'sei': '9.16'}",CHEMBL48092,PIRMAGREL,CHEMBL48092,5.00,0,http://www.openphacts.org/units/Nanomolar,76620,=,1,1,=,,IC50,nM,,10000.0,CHEMBL2094253,Homo sapiens,Cyclooxygenase,9606,,,IC50,M,UO_0000065,,0.00001
,,1184644,[],CHEMBL762412,Inhibition of human platelet Prostaglandin G/H synthase,B,,,BAO_0000190,BAO_0000019,assay format,Cc1cc(/C=C/c2ccc(F)cc2)cc(C)c1O,,,CHEMBL1124816,J Med Chem,1990,"{'bei': '24.29', 'le': '0.45', 'lle': '1.57', 'sei': '29.10'}",CHEMBL57358,ENOFELAST,CHEMBL57358,5.89,0,http://www.openphacts.org/units/Nanomolar,95647,=,1,1,=,,IC50,nM,,1300.0,CHEMBL2094253,Homo sapiens,Cyclooxygenase,9606,,,IC50,uM,UO_0000065,,1.3
,,1185986,[],CHEMBL762412,Inhibition of human platelet Prostaglandin G/H synthase,B,,,BAO_0000190,BAO_0000019,assay format,Cc1ccc(C)c(/C=C/c2cc(C)c(O)c(C)c2)c1,,,CHEMBL1124816,J Med Chem,1990,"{'bei': '23.32', 'le': '0.42', 'lle': '1.09', 'sei': '29.10'}",CHEMBL56576,,CHEMBL56576,5.89,0,http://www.openphacts.org/units/Nanomolar,95619,=,1,1,=,,IC50,nM,,1300.0,CHEMBL2094253,Homo sapiens,Cyclooxygenase,9606,,,IC50,uM,UO_0000065,,1.3
,,1186048,[],CHEMBL762412,Inhibition of human platelet Prostaglandin G/H synthase,B,,,BAO_0000190,BAO_0000019,assay format,Cc1cc(/C=C/c2cccs2)cc(Cl)c1O,,,CHEMBL1124816,J Med Chem,1990,"{'bei': '26.47', 'le': '0.57', 'lle': '2.05', 'sei': '32.81'}",CHEMBL58990,,CHEMBL58990,6.64,0,http://www.openphacts.org/units/Nanomolar,95663,=,1,1,=,,IC50,nM,,230.0,CHEMBL2094253,Homo sapiens,Cyclooxygenase,9606,,,IC50,uM,UO_0000065,,0.23
,,1188859,[],CHEMBL762412,Inhibition of human platelet Prostaglandin G/H synthase,B,,,BAO_0000190,BAO_0000019,assay format,Cc1cc(CCc2cccs2)cc(C)c1O,,,CHEMBL1124816,J Med Chem,1990,"{'bei': '29.95', 'le': '0.59', 'lle': '3.10', 'sei': '34.40'}",CHEMBL292136,,CHEMBL292136,6.96,0,http://www.openphacts.org/units/Nanomolar,95634,=,1,1,=,,IC50,nM,,110.0,CHEMBL2094253,Homo sapiens,Cyclooxygenase,9606,,,IC50,uM,UO_0000065,,0.11
,,1190197,[],CHEMBL762412,Inhibition of human platelet Prostaglandin G/H synthase,B,,,BAO_0000190,BAO_0000019,assay format,Cc1cc(/C=C/c2ccc(Cl)cc2)cc(C)c1O,,,CHEMBL1124816,J Med Chem,1990,"{'bei': '23.67', 'le': '0.46', 'lle': '1.29', 'sei': '30.28'}",CHEMBL417379,,CHEMBL417379,6.12,0,http://www.openphacts.org/units/Nanomolar,95608,=,1,1,=,,IC50,nM,,750.0,CHEMBL2094253,Homo sapiens,Cyclooxygenase,9606,,,IC50,uM,UO_0000065,,0.75
,,1191450,[],CHEMBL762412,Inhibition of human platelet Prostaglandin G/H synthase,B,,,BAO_0000190,BAO_0000019,assay format,C/C(=C\c1cc(C)c(O)c(C)c1)c1ccc(F)cc1,,,CHEMBL1124816,J Med Chem,1990,"{'bei': '24.19', 'le': '0.45', 'lle': '1.49', 'sei': '30.65'}",CHEMBL56009,,CHEMBL56009,6.20,0,http://www.openphacts.org/units/Nanomolar,95636,=,1,1,=,,IC50,nM,,630.0,CHEMBL2094253,Homo sapiens,Cyclooxygenase,9606,,,IC50,uM,UO_0000065,,0.63
,,1192658,[],CHEMBL762412,Inhibition of human platelet Prostaglandin G/H synthase,B,,,BAO_0000190,BAO_0000019,assay format,Cc1cc(CCc2ccc(F)cc2)cc(C)c1O,,,CHEMBL1124816,J Med Chem,1990,"{'bei': '26.70', 'le': '0.49', 'lle': '2.59', 'sei': '32.24'}",CHEMBL56563,,CHEMBL56563,6.52,0,http://www.openphacts.org/units/Nanomolar,95633,=,1,1,=,,IC50,nM,,300.0,CHEMBL2094253,Homo sapiens,Cyclooxygenase,9606,,,IC50,uM,UO_0000065,,0.3
,,1192701,[],CHEMBL762412,Inhibition of human platelet Prostaglandin G/H synthase,B,,,BAO_0000190,BAO_0000019,assay format,Cc1ccc(/C=C/c2cc(C)c(O)c(C)c2)s1,,,CHEMBL1124816,J Med Chem,1990,"{'bei': '25.00', 'le': '0.49', 'lle': '1.56', 'sei': '30.19'}",CHEMBL440480,,CHEMBL440480,6.11,0,http://www.openphacts.org/units/Nanomolar,95656,=,1,1,=,,IC50,nM,,780.0,CHEMBL2094253,Homo sapiens,Cyclooxygenase,9606,,,IC50,uM,UO_0000065,,0.78
,,1195162,[],CHEMBL762412,Inhibition of human platelet Prostaglandin G/H synthase,B,,,BAO_0000190,BAO_0000019,assay format,CC(C)(C)c1cc(/C=C/c2cccnc2)cc(C(C)(C)C)c1O,,,CHEMBL1124816,J Med Chem,1990,"{'bei': '21.28', 'le': '0.39', 'lle': '1.04', 'sei': '19.88'}",CHEMBL414824,,CHEMBL414824,6.58,0,http://www.openphacts.org/units/Nanomolar,95628,=,1,1,=,,IC50,nM,,260.0,CHEMBL2094253,Homo sapiens,Cyclooxygenase,9606,,,IC50,uM,UO_0000065,,0.26
,,1195224,[],CHEMBL762412,Inhibition of human platelet Prostaglandin G/H synthase,B,,,BAO_0000190,BAO_0000019,assay format,CCCc1cc(/C=C/c2cccs2)cc(OC)c1O,,,CHEMBL1124816,J Med Chem,1990,"{'bei': '21.45', 'le': '0.42', 'lle': '1.30', 'sei': '19.98'}",CHEMBL434783,,CHEMBL434783,5.89,0,http://www.openphacts.org/units/Nanomolar,95665,=,1,1,=,,IC50,nM,,1300.0,CHEMBL2094253,Homo sapiens,Cyclooxygenase,9606,,,IC50,uM,UO_0000065,,1.3
,,1196443,[],CHEMBL762412,Inhibition of human platelet Prostaglandin G/H synthase,B,,,BAO_0000190,BAO_0000019,assay format,Cc1cc(/C=C/c2cccnc2)cc(C)c1O,,,CHEMBL1124816,J Med Chem,1990,"{'bei': '22.01', 'le': '0.40', 'lle': '1.39', 'sei': '14.97'}",CHEMBL55217,,CHEMBL55217,4.96,0,http://www.openphacts.org/units/Nanomolar,95651,=,1,1,=,,IC50,nM,,11000.0,CHEMBL2094253,Homo sapiens,Cyclooxygenase,9606,,,IC50,uM,UO_0000065,,11.0
,,1196448,[],CHEMBL762412,Inhibition of human platelet Prostaglandin G/H synthase,B,,,BAO_0000190,BAO_0000019,assay format,Cc1ccc(/C=C/c2cc(C(C)(C)C)c(O)c(C(C)(C)C)c2)cc1,,,CHEMBL1124816,J Med Chem,1990,"{'bei': '15.50', 'le': '0.28', 'lle': '-1.47', 'sei': '24.72'}",CHEMBL8636,,CHEMBL8636,5.00,0,http://www.openphacts.org/units/Nanomolar,95640,=,1,1,=,,IC50,nM,,10000.0,CHEMBL2094253,Homo sapiens,Cyclooxygenase,9606,,,IC50,uM,UO_0000065,,10.0
,,1196489,[],CHEMBL762412,Inhibition of human platelet Prostaglandin G/H synthase,B,,,BAO_0000190,BAO_0000019,assay format,CCCOc1ccc(/C=C/c2cc(C)c(O)c(C)c2)cc1,,,CHEMBL1124816,J Med Chem,1990,"{'bei': '23.80', 'le': '0.44', 'lle': '1.75', 'sei': '22.81'}",CHEMBL55680,,CHEMBL55680,6.72,0,http://www.openphacts.org/units/Nanomolar,95653,=,1,1,=,,IC50,nM,,190.0,CHEMBL2094253,Homo sapiens,Cyclooxygenase,9606,,,IC50,uM,UO_0000065,,0.19
,,1196493,[],CHEMBL762412,Inhibition of human platelet Prostaglandin G/H synthase,B,,,BAO_0000190,BAO_0000019,assay format,Cc1cc(/C=C/c2ccccn2)cc(C)c1O,,,CHEMBL1124816,J Med Chem,1990,"{'bei': '24.87', 'le': '0.45', 'lle': '2.03', 'sei': '16.91'}",CHEMBL56039,,CHEMBL56039,5.60,0,http://www.openphacts.org/units/Nanomolar,95658,=,1,1,=,,IC50,nM,,2500.0,CHEMBL2094253,Homo sapiens,Cyclooxygenase,9606,,,IC50,uM,UO_0000065,,2.5
,,1197721,[],CHEMBL762412,Inhibition of human platelet Prostaglandin G/H synthase,B,,,BAO_0000190,BAO_0000019,assay format,Cc1ccc(/C=C/c2cc(C)c(O)c(C)c2)cc1,,,CHEMBL1124816,J Med Chem,1990,"{'bei': '23.06', 'le': '0.42', 'lle': '1.00', 'sei': '27.16'}",CHEMBL291710,,CHEMBL291710,5.50,0,http://www.openphacts.org/units/Nanomolar,95625,=,1,1,=,,IC50,nM,,3200.0,CHEMBL2094253,Homo sapiens,Cyclooxygenase,9606,,,IC50,uM,UO_0000065,,3.2
,,1199020,[],CHEMBL762412,Inhibition of human platelet Prostaglandin G/H synthase,B,,,BAO_0000190,BAO_0000019,assay format,Cc1cc(/C=C/c2ccccc2)cc(C)c1O,,,CHEMBL1124816,J Med Chem,1990,"{'bei': '23.97', 'le': '0.43', 'lle': '1.20', 'sei': '26.58'}",CHEMBL55960,,CHEMBL55960,5.38,0,http://www.openphacts.org/units/Nanomolar,95609,=,1,1,=,,IC50,nM,,4200.0,CHEMBL2094253,Homo sapiens,Cyclooxygenase,9606,,,IC50,uM,UO_0000065,,4.2
,,1203239,[],CHEMBL762412,Inhibition of human platelet Prostaglandin G/H synthase,B,,,BAO_0000190,BAO_0000019,assay format,COc1ccccc1/C=C/c1cc(C)c(O)c(C)c1,,,CHEMBL1124816,J Med Chem,1990,"{'bei': '23.43', 'le': '0.43', 'lle': '1.77', 'sei': '20.23'}",CHEMBL300159,,CHEMBL300159,5.96,0,http://www.openphacts.org/units/Nanomolar,95661,=,1,1,=,,IC50,nM,,1100.0,CHEMBL2094253,Homo sapiens,Cyclooxygenase,9606,,,IC50,uM,UO_0000065,,1.1
,,1205895,[],CHEMBL762412,Inhibition of human platelet Prostaglandin G/H synthase,B,,,BAO_0000190,BAO_0000019,assay format,Cc1cc(/C=C/c2ccc(F)cc2F)cc(C)c1O,,,CHEMBL1124816,J Med Chem,1990,"{'bei': '23.62', 'le': '0.44', 'lle': '1.69', 'sei': '30.39'}",CHEMBL58987,,CHEMBL58987,6.15,0,http://www.openphacts.org/units/Nanomolar,95604,=,1,1,=,,IC50,nM,,710.0,CHEMBL2094253,Homo sapiens,Cyclooxygenase,9606,,,IC50,uM,UO_0000065,,0.71
,,1207139,[],CHEMBL762412,Inhibition of human platelet Prostaglandin G/H synthase,B,,,BAO_0000190,BAO_0000019,assay format,Cc1cc(/C=C/c2csc3ccccc23)cc(C)c1O,,,CHEMBL1124816,J Med Chem,1990,"{'bei': '22.82', 'le': '0.44', 'lle': '1.01', 'sei': '31.63'}",CHEMBL55448,,CHEMBL55448,6.40,0,http://www.openphacts.org/units/Nanomolar,95613,=,1,1,=,,IC50,nM,,400.0,CHEMBL2094253,Homo sapiens,Cyclooxygenase,9606,,,IC50,uM,UO_0000065,,0.4
,,1208430,[],CHEMBL762412,Inhibition of human platelet Prostaglandin G/H synthase,B,,,BAO_0000190,BAO_0000019,assay format,CCc1ccc(/C=C/c2cc(C)c(O)c(C)c2)cc1,,,CHEMBL1124816,J Med Chem,1990,"{'bei': '24.93', 'le': '0.45', 'lle': '1.55', 'sei': '31.10'}",CHEMBL56551,,CHEMBL56551,6.29,0,http://www.openphacts.org/units/Nanomolar,95620,=,1,1,=,,IC50,nM,,510.0,CHEMBL2094253,Homo sapiens,Cyclooxygenase,9606,,,IC50,uM,UO_0000065,,0.51
,,1209655,[],CHEMBL762412,Inhibition of human platelet Prostaglandin G/H synthase,B,,,BAO_0000190,BAO_0000019,assay format,C=CCc1cc(/C=C/c2cccs2)cc(C)c1O,,,CHEMBL1124816,J Med Chem,1990,"{'bei': '23.94', 'le': '0.47', 'lle': '1.48', 'sei': '30.33'}",CHEMBL56833,,CHEMBL56833,6.14,0,http://www.openphacts.org/units/Nanomolar,95623,=,1,1,=,,IC50,nM,,730.0,CHEMBL2094253,Homo sapiens,Cyclooxygenase,9606,,,IC50,uM,UO_0000065,,0.73
,,1209659,[],CHEMBL762412,Inhibition of human platelet Prostaglandin G/H synthase,B,,,BAO_0000190,BAO_0000019,assay format,Cc1cc(/C=C/c2cccc3ccccc23)cc(C)c1O,,,CHEMBL1124816,J Med Chem,1990,"{'bei': '22.70', 'le': '0.41', 'lle': '0.90', 'sei': '30.79'}",CHEMBL55737,,CHEMBL55737,6.23,0,http://www.openphacts.org/units/Nanomolar,95615,=,1,1,=,,IC50,nM,,590.0,CHEMBL2094253,Homo sapiens,Cyclooxygenase,9606,,,IC50,uM,UO_0000065,,0.59
,,1209661,[],CHEMBL762412,Inhibition of human platelet Prostaglandin G/H synthase,B,,,BAO_0000190,BAO_0000019,assay format,CC(C)(C)c1cc(C(=O)c2cccs2)cc(C(C)(C)C)c1O,,,CHEMBL1124816,J Med Chem,1990,"{'bei': '26.05', 'le': '0.51', 'lle': '2.96', 'sei': '22.10'}",CHEMBL8846,PRIFELONE,CHEMBL8846,8.24,0,http://www.openphacts.org/units/Nanomolar,95639,=,1,1,=,,IC50,nM,,5.7,CHEMBL2094253,Homo sapiens,Cyclooxygenase,9606,,,IC50,uM,UO_0000065,,0.0057
,,1212462,[],CHEMBL762412,Inhibition of human platelet Prostaglandin G/H synthase,B,,,BAO_0000190,BAO_0000019,assay format,CC(C)(C)c1cc(/C=C/c2cccs2)cc(C(C)(C)C)c1O,,,CHEMBL1124816,J Med Chem,1990,"{'bei': '23.75', 'le': '0.46', 'lle': '1.25', 'sei': '36.92'}",CHEMBL266100,,CHEMBL266100,7.47,0,http://www.openphacts.org/units/Nanomolar,95637,=,1,1,=,,IC50,nM,,34.0,CHEMBL2094253,Homo sapiens,Cyclooxygenase,9606,,,IC50,uM,UO_0000065,,0.034
,,1213671,[],CHEMBL762412,Inhibition of human platelet Prostaglandin G/H synthase,B,,,BAO_0000190,BAO_0000019,assay format,CC(C)(C)c1cc(/C=C/c2ccc(F)cc2)cc(C(C)(C)C)c1O,,,CHEMBL1124816,J Med Chem,1990,"{'bei': '19.04', 'le': '0.35', 'lle': '-0.09', 'sei': '30.72'}",CHEMBL8813,,CHEMBL8813,6.21,0,http://www.openphacts.org/units/Nanomolar,95642,=,1,1,=,,IC50,nM,,610.0,CHEMBL2094253,Homo sapiens,Cyclooxygenase,9606,,,IC50,uM,UO_0000065,,0.61
,,1217585,[],CHEMBL762412,Inhibition of human platelet Prostaglandin G/H synthase,B,,,BAO_0000190,BAO_0000019,assay format,Cc1cc(/C=C/c2cccs2)cc(C)c1O,,,CHEMBL1124816,J Med Chem,1990,"{'bei': '26.52', 'le': '0.52', 'lle': '1.87', 'sei': '30.19'}",CHEMBL56798,,CHEMBL56798,6.11,0,http://www.openphacts.org/units/Nanomolar,95645,=,1,1,=,,IC50,nM,,780.0,CHEMBL2094253,Homo sapiens,Cyclooxygenase,9606,,,IC50,uM,UO_0000065,,0.78
,,1217645,[],CHEMBL762412,Inhibition of human platelet Prostaglandin G/H synthase,B,,,BAO_0000190,BAO_0000019,assay format,CCc1cc(/C=C/c2cccs2)cc(OC)c1O,,,CHEMBL1124816,J Med Chem,1990,"{'bei': '22.48', 'le': '0.44', 'lle': '1.65', 'sei': '19.87'}",CHEMBL293825,,CHEMBL293825,5.85,0,http://www.openphacts.org/units/Nanomolar,95664,=,1,1,=,,IC50,nM,,1400.0,CHEMBL2094253,Homo sapiens,Cyclooxygenase,9606,,,IC50,uM,UO_0000065,,1.4
,,1220265,[],CHEMBL762412,Inhibition of human platelet Prostaglandin G/H synthase,B,,,BAO_0000190,BAO_0000019,assay format,CC(C)(C)c1cc(/C=C2\CCOC2=O)cc(C(C)(C)C)c1O,,,CHEMBL1124816,J Med Chem,1990,"{'bei': '23.01', 'le': '0.43', 'lle': '2.64', 'sei': '14.96'}",CHEMBL8562,,CHEMBL8562,6.96,0,http://www.openphacts.org/units/Nanomolar,95638,=,1,1,=,,IC50,nM,,110.0,CHEMBL2094253,Homo sapiens,Cyclooxygenase,9606,,,IC50,uM,UO_0000065,,0.11
,,1221493,[],CHEMBL762412,Inhibition of human platelet Prostaglandin G/H synthase,B,,,BAO_0000190,BAO_0000019,assay format,COc1ccc(/C=C/c2cc(C)c(O)c(C)c2)cc1,,,CHEMBL1124816,J Med Chem,1990,"{'bei': '22.90', 'le': '0.42', 'lle': '1.63', 'sei': '19.77'}",CHEMBL54221,,CHEMBL54221,5.82,0,http://www.openphacts.org/units/Nanomolar,95627,=,1,1,=,,IC50,nM,,1500.0,CHEMBL2094253,Homo sapiens,Cyclooxygenase,9606,,,IC50,uM,UO_0000065,,1.5
,,1222747,[],CHEMBL762412,Inhibition of human platelet Prostaglandin G/H synthase,B,,,BAO_0000190,BAO_0000019,assay format,Cc1cccc(/C=C/c2cc(C)c(O)c(C)c2)c1,,,CHEMBL1124816,J Med Chem,1990,"{'bei': '23.51', 'le': '0.43', 'lle': '1.11', 'sei': '27.69'}",CHEMBL56461,,CHEMBL56461,5.60,0,http://www.openphacts.org/units/Nanomolar,95607,=,1,1,=,,IC50,nM,,2500.0,CHEMBL2094253,Homo sapiens,Cyclooxygenase,9606,,,IC50,uM,UO_0000065,,2.5
,,1224172,[],CHEMBL762412,Inhibition of human platelet Prostaglandin G/H synthase,B,,,BAO_0000190,BAO_0000019,assay format,Cc1cc(/C=C/c2ccc(C(C)C)cc2)cc(C)c1O,,,CHEMBL1124816,J Med Chem,1990,"{'bei': '21.98', 'le': '0.40', 'lle': '0.55', 'sei': '28.94'}",CHEMBL55293,,CHEMBL55293,5.85,0,http://www.openphacts.org/units/Nanomolar,95610,=,1,1,=,,IC50,nM,,1400.0,CHEMBL2094253,Homo sapiens,Cyclooxygenase,9606,,,IC50,uM,UO_0000065,,1.4
,,1224178,[],CHEMBL762412,Inhibition of human platelet Prostaglandin G/H synthase,B,,,BAO_0000190,BAO_0000019,assay format,CCCC/C(=C\c1cc(C)c(O)c(C)c1)c1ccc(F)cc1,,,CHEMBL1124816,J Med Chem,1990,"{'bei': '20.11', 'le': '0.37', 'lle': '0.12', 'sei': '29.66'}",CHEMBL301304,,CHEMBL301304,6.00,0,http://www.openphacts.org/units/Nanomolar,95635,=,1,1,=,,IC50,nM,,1000.0,CHEMBL2094253,Homo sapiens,Cyclooxygenase,9606,,,IC50,uM,UO_0000065,,1.0
,,1225513,[],CHEMBL762412,Inhibition of human platelet Prostaglandin G/H synthase,B,,,BAO_0000190,BAO_0000019,assay format,Cc1cc(/C=C/c2cc(F)cc(F)c2)cc(C)c1O,,,CHEMBL1124816,J Med Chem,1990,"{'bei': '23.05', 'le': '0.43', 'lle': '1.54', 'sei': '29.66'}",CHEMBL56422,,CHEMBL56422,6.00,0,http://www.openphacts.org/units/Nanomolar,95603,=,1,1,=,,IC50,nM,,1000.0,CHEMBL2094253,Homo sapiens,Cyclooxygenase,9606,,,IC50,uM,UO_0000065,,1.0
,,1225540,[],CHEMBL762412,Inhibition of human platelet Prostaglandin G/H synthase,B,,,BAO_0000190,BAO_0000019,assay format,COc1cc(/C=C/c2cccs2)cc(C)c1O,,,CHEMBL1124816,J Med Chem,1990,"{'bei': '22.36', 'le': '0.44', 'lle': '1.57', 'sei': '18.70'}",CHEMBL413324,,CHEMBL413324,5.51,0,http://www.openphacts.org/units/Nanomolar,95652,=,1,1,=,,IC50,nM,,3100.0,CHEMBL2094253,Homo sapiens,Cyclooxygenase,9606,,,IC50,uM,UO_0000065,,3.1
,,1225545,[],CHEMBL762412,Inhibition of human platelet Prostaglandin G/H synthase,B,,,BAO_0000190,BAO_0000019,assay format,Cc1cc(/C=C/c2ccc(Cl)s2)cc(C)c1O,,,CHEMBL1124816,J Med Chem,1990,"{'bei': '22.23', 'le': '0.47', 'lle': '1.00', 'sei': '29.10'}",CHEMBL293755,,CHEMBL293755,5.89,0,http://www.openphacts.org/units/Nanomolar,95660,=,1,1,=,,IC50,nM,,1300.0,CHEMBL2094253,Homo sapiens,Cyclooxygenase,9606,,,IC50,uM,UO_0000065,,1.3
,,1231564,[],CHEMBL762415,Inhibitory concentration required for inhibition of Prostaglandin G/H synthase,F,,,BAO_0000190,BAO_0000019,assay format,CC(C)(C)c1cc(/C=C/c2cccnc2)cc(C(C)(C)C)c1O,,,CHEMBL1124310,J Med Chem,1989,,CHEMBL414824,,CHEMBL414824,6.17,0,http://www.openphacts.org/units/Nanomolar,4220,=,1,1,=,,IC50,nM,,670.0,CHEMBL2094253,Homo sapiens,Cyclooxygenase,9606,,,IC50,uM,UO_0000065,,0.67
,,1288479,[],CHEMBL660372,Inhibitory activity against sheep seminal vesicle cyclooxygenase was evaluated,B,,,BAO_0000190,BAO_0000221,tissue-based format,O=C1CCN(c2ccccc2)N1,,,CHEMBL1152112,Bioorg Med Chem Lett,1992,"{'bei': '24.83', 'le': '0.46', 'lle': '3.10', 'sei': '12.45'}",CHEMBL7660,PHENIDONE,CHEMBL7660,4.03,0,http://www.openphacts.org/units/Nanomolar,40622,=,1,1,=,,IC50,nM,,94000.0,CHEMBL2094253,Homo sapiens,Cyclooxygenase,9606,,,IC50,uM,UO_0000065,,94.0
,,1288484,[],CHEMBL884361,"Inhibitory activity against human whole blood, TXB2 cyclooxygenase was evaluated",B,,,BAO_0000190,BAO_0000224,protein format,O=C1CCN(c2ccccc2)N1,,,CHEMBL1152112,Bioorg Med Chem Lett,1992,"{'bei': '30.34', 'le': '0.56', 'lle': '3.99', 'sei': '15.22'}",CHEMBL7660,PHENIDONE,CHEMBL7660,4.92,0,http://www.openphacts.org/units/Nanomolar,40622,=,1,1,=,,IC50,nM,,12000.0,CHEMBL2094253,Homo sapiens,Cyclooxygenase,9606,,,IC50,uM,UO_0000065,,12.0
,,1290633,[],CHEMBL846249,Inhibition of prostaglandin synthetase in sheep seminal vesicle,F,,,BAO_0000190,BAO_0000019,assay format,Cc1nc(-c2ccc(Cl)cc2)oc1COC(C)(C)C(=O)O,Outside typical range,"Values for this activity type are unusually large/small, so may not be accurate",CHEMBL1125255,J Med Chem,1991,,CHEMBL165090,ROMAZARIT,CHEMBL165090,,0,http://www.openphacts.org/units/Nanomolar,324680,=,1,1,=,,IC50,nM,,6500000.0,CHEMBL2094253,Homo sapiens,Cyclooxygenase,9606,,,IC50,uM,UO_0000065,,6500.0
,,1293857,[],CHEMBL660372,Inhibitory activity against sheep seminal vesicle cyclooxygenase was evaluated,B,,,BAO_0000190,BAO_0000221,tissue-based format,NC1=NN(c2cccc(C(F)(F)F)c2)CC1,,,CHEMBL1152112,Bioorg Med Chem Lett,1992,"{'bei': '17.51', 'le': '0.34', 'lle': '1.82', 'sei': '9.64'}",CHEMBL274642,BW-755C,CHEMBL274642,4.01,0,http://www.openphacts.org/units/Nanomolar,40627,=,1,1,=,,IC50,nM,,97000.0,CHEMBL2094253,Homo sapiens,Cyclooxygenase,9606,,,IC50,uM,UO_0000065,,97.0
,,1293862,[],CHEMBL884361,"Inhibitory activity against human whole blood, TXB2 cyclooxygenase was evaluated",B,,,BAO_0000190,BAO_0000224,protein format,NC1=NN(c2cccc(C(F)(F)F)c2)CC1,,,CHEMBL1152112,Bioorg Med Chem Lett,1992,"{'bei': '22.85', 'le': '0.45', 'lle': '3.05', 'sei': '12.58'}",CHEMBL274642,BW-755C,CHEMBL274642,5.24,0,http://www.openphacts.org/units/Nanomolar,40627,=,1,1,=,,IC50,nM,,5800.0,CHEMBL2094253,Homo sapiens,Cyclooxygenase,9606,,,IC50,uM,UO_0000065,,5.8
,,1294091,[],CHEMBL769241,Inhibitory concentration against Prostaglandin G/H synthase; No effect,B,,,BAO_0000190,BAO_0000224,protein format,O=C1c2c(O)cccc2Cc2cccc(O)c21,,,CHEMBL1127529,J Med Chem,1994,,CHEMBL46469,ANTHRALIN,CHEMBL46469,,0,http://www.openphacts.org/units/Nanomolar,73617,=,1,0,=,,IC50,nM,,,CHEMBL2094253,Homo sapiens,Cyclooxygenase,9606,,,IC50,uM,UO_0000065,,
,,1301625,[],CHEMBL846248,Inhibition of prostaglandin synthetase in sheep seminal vesicle,B,,,BAO_0000190,BAO_0000224,protein format,CC(C)(OCc1ccc(-c2ccc(Cl)cc2)cc1)C(=O)O,Outside typical range,"Values for this activity type are unusually large/small, so may not be accurate",CHEMBL1125255,J Med Chem,1991,,CHEMBL164447,CLOBUZARIT,CHEMBL164447,,0,http://www.openphacts.org/units/Nanomolar,324677,=,1,1,=,,IC50,nM,,950000.0,CHEMBL2094253,Homo sapiens,Cyclooxygenase,9606,,,IC50,uM,UO_0000065,,950.0
,,1600069,[],CHEMBL882939,Inhibitory concentration against prostaglandin G/H synthase,B,,,BAO_0000190,BAO_0000224,protein format,CC(C)(C)c1cc(C(=O)c2cccs2)cc(C(C)(C)C)c1O,,,CHEMBL1140446,J Med Chem,2005,"{'bei': '19.91', 'le': '0.39', 'lle': '1.02', 'sei': '16.89'}",CHEMBL8846,PRIFELONE,CHEMBL8846,6.30,0,http://www.openphacts.org/units/Nanomolar,400025,=,1,1,=,,IC50,nM,,500.0,CHEMBL2094253,Homo sapiens,Cyclooxygenase,9606,,,IC50,uM,UO_0000065,,0.5
,,1600089,[],CHEMBL882939,Inhibitory concentration against prostaglandin G/H synthase,B,,,BAO_0000190,BAO_0000224,protein format,CC(C)(C)c1cc(/C=C2/SC(N)=NC2=O)cc(C(C)(C)C)c1O,,,CHEMBL1140446,J Med Chem,2005,"{'bei': '19.28', 'le': '0.38', 'lle': '2.49', 'sei': '8.47'}",CHEMBL196996,,CHEMBL196996,6.41,0,http://www.openphacts.org/units/Nanomolar,400036,=,1,1,=,,IC50,nM,,390.0,CHEMBL2094253,Homo sapiens,Cyclooxygenase,9606,,,IC50,uM,UO_0000065,,0.39
,,1600127,[],CHEMBL882939,Inhibitory concentration against prostaglandin G/H synthase,B,,,BAO_0000190,BAO_0000224,protein format,COc1ccc(-n2nc(C#CC(C)N(O)C(C)=O)cc2-c2ccc(Cl)cc2)cc1,,,CHEMBL1140446,J Med Chem,2005,"{'bei': '18.35', 'le': '0.35', 'lle': '3.34', 'sei': '11.13'}",CHEMBL435907,,CHEMBL435907,7.52,0,http://www.openphacts.org/units/Nanomolar,400069,=,1,1,=,,IC50,nM,,30.0,CHEMBL2094253,Homo sapiens,Cyclooxygenase,9606,,,IC50,uM,UO_0000065,,0.03
,,13464775,[],CHEMBL2432168,Inhibition of COX (unknown origin),B,,,BAO_0000190,BAO_0000019,assay format,O=C(O)Cc1cc(O)ccc1Nc1c(Cl)cccc1Cl,Outside typical range,"Values for this activity type are unusually large/small, so may not be accurate",CHEMBL2429782,Med Chem Res,2013,,CHEMBL1031,5-HYDROXY-DICLOFENAC,CHEMBL1031,,0,http://www.openphacts.org/units/Nanomolar,1921030,=,1,1,=,,IC50,nM,,446683.59,CHEMBL2094253,Homo sapiens,Cyclooxygenase,9606,,,log(1/IC50),,UO_0000065,,3.35
,,13464776,[],CHEMBL2432168,Inhibition of COX (unknown origin),B,,,BAO_0000190,BAO_0000019,assay format,O=C(O)Cc1cc(O)ccc1Nc1c(Cl)cc(O)cc1Cl,Outside typical range,"Values for this activity type are unusually large/small, so may not be accurate",CHEMBL2429782,Med Chem Res,2013,,CHEMBL1032,"4',5-DIHYDROXY-DICLOFENAC",CHEMBL1032,,0,http://www.openphacts.org/units/Nanomolar,1921029,=,1,1,=,,IC50,nM,,912010.84,CHEMBL2094253,Homo sapiens,Cyclooxygenase,9606,,,log(1/IC50),,UO_0000065,,3.04
,,13464777,[],CHEMBL2432168,Inhibition of COX (unknown origin),B,,,BAO_0000190,BAO_0000019,assay format,COc1cc(Cl)c(Nc2ccccc2CC(=O)O)c(Cl)c1O,Outside typical range,"Values for this activity type are unusually large/small, so may not be accurate",CHEMBL2429782,Med Chem Res,2013,,CHEMBL1033,3'-HYDROXY-4'-METHOXY-DICLOFENAC,CHEMBL1033,,0,http://www.openphacts.org/units/Nanomolar,1920926,=,1,1,=,,IC50,nM,,3388441.56,CHEMBL2094253,Homo sapiens,Cyclooxygenase,9606,,,log(1/IC50),,UO_0000065,,2.47
,,13464778,[],CHEMBL2432168,Inhibition of COX (unknown origin),B,,,BAO_0000190,BAO_0000019,assay format,O=C(O)Cc1ccccc1Nc1ccccc1,Outside typical range,"Values for this activity type are unusually large/small, so may not be accurate",CHEMBL2429782,Med Chem Res,2013,,CHEMBL78188,,CHEMBL78188,,0,http://www.openphacts.org/units/Nanomolar,1920925,=,1,1,=,,IC50,nM,,3467368.5,CHEMBL2094253,Homo sapiens,Cyclooxygenase,9606,,,log(1/IC50),,UO_0000065,,2.46
,,13464779,[],CHEMBL2432168,Inhibition of COX (unknown origin),B,,,BAO_0000190,BAO_0000019,assay format,O=C([O-])Cc1ccccc1Nc1c(F)cccc1F.[Na+],Outside typical range,"Values for this activity type are unusually large/small, so may not be accurate",CHEMBL2429782,Med Chem Res,2013,,CHEMBL75296,,CHEMBL260968,,0,http://www.openphacts.org/units/Nanomolar,1920924,=,1,1,=,,IC50,nM,,4365158.32,CHEMBL2094253,Homo sapiens,Cyclooxygenase,9606,,,log(1/IC50),,UO_0000065,,2.36
,,13464780,[],CHEMBL2432168,Inhibition of COX (unknown origin),B,,,BAO_0000190,BAO_0000019,assay format,O=C([O-])Cc1c(O)cccc1Nc1c(Cl)cccc1Cl.[Na+],Outside typical range,"Values for this activity type are unusually large/small, so may not be accurate",CHEMBL2429782,Med Chem Res,2013,,CHEMBL77914,,CHEMBL1205299,,0,http://www.openphacts.org/units/Nanomolar,1920923,=,1,1,=,,IC50,nM,,4677351.41,CHEMBL2094253,Homo sapiens,Cyclooxygenase,9606,,,log(1/IC50),,UO_0000065,,2.33
,,13464781,[],CHEMBL2432168,Inhibition of COX (unknown origin),B,,,BAO_0000190,BAO_0000019,assay format,O=C(O)Cc1ccccc1Nc1ccccc1Cl,Outside typical range,"Values for this activity type are unusually large/small, so may not be accurate",CHEMBL2429782,Med Chem Res,2013,,CHEMBL77823,,CHEMBL77823,,0,http://www.openphacts.org/units/Nanomolar,1920922,=,1,1,=,,IC50,nM,,4897788.19,CHEMBL2094253,Homo sapiens,Cyclooxygenase,9606,,,log(1/IC50),,UO_0000065,,2.31
,,13464782,[],CHEMBL2432168,Inhibition of COX (unknown origin),B,,,BAO_0000190,BAO_0000019,assay format,O=C(O)Cc1ccccc1Nc1ccc(Cl)c(Cl)c1,Outside typical range,"Values for this activity type are unusually large/small, so may not be accurate",CHEMBL2429782,Med Chem Res,2013,,CHEMBL76657,,CHEMBL76657,,0,http://www.openphacts.org/units/Nanomolar,1920921,=,1,1,=,,IC50,nM,,7079457.84,CHEMBL2094253,Homo sapiens,Cyclooxygenase,9606,,,log(1/IC50),,UO_0000065,,2.15
,,13464783,[],CHEMBL2432168,Inhibition of COX (unknown origin),B,,,BAO_0000190,BAO_0000019,assay format,O=C(O)Cc1ccccc1Nc1c(Cl)cc(O)cc1Cl,Outside typical range,"Values for this activity type are unusually large/small, so may not be accurate",CHEMBL2429782,Med Chem Res,2013,,CHEMBL1030,4'-HYDROXY-DICLOFENAC,CHEMBL1030,,0,http://www.openphacts.org/units/Nanomolar,1920920,=,1,1,=,,IC50,nM,,7079457.84,CHEMBL2094253,Homo sapiens,Cyclooxygenase,9606,,,log(1/IC50),,UO_0000065,,2.15
,,13464784,[],CHEMBL2432168,Inhibition of COX (unknown origin),B,,,BAO_0000190,BAO_0000019,assay format,O=C([O-])Cc1ccccc1Nc1ccc(F)cc1F.[Na+],Outside typical range,"Values for this activity type are unusually large/small, so may not be accurate",CHEMBL2429782,Med Chem Res,2013,,CHEMBL77245,,CHEMBL1205296,,0,http://www.openphacts.org/units/Nanomolar,1920919,=,1,1,=,,IC50,nM,,9772372.21,CHEMBL2094253,Homo sapiens,Cyclooxygenase,9606,,,log(1/IC50),,UO_0000065,,2.01
,,13464785,[],CHEMBL2432168,Inhibition of COX (unknown origin),B,,,BAO_0000190,BAO_0000019,assay format,O=C(O)Cc1ccccc1Nc1cc(Cl)ccc1Cl,Outside typical range,"Values for this activity type are unusually large/small, so may not be accurate",CHEMBL2429782,Med Chem Res,2013,,CHEMBL77981,,CHEMBL77981,,0,http://www.openphacts.org/units/Nanomolar,1920918,=,1,1,=,,IC50,nM,,10000000.0,CHEMBL2094253,Homo sapiens,Cyclooxygenase,9606,,,log(1/IC50),,UO_0000065,,2.0
,,13464786,[],CHEMBL2432168,Inhibition of COX (unknown origin),B,,,BAO_0000190,BAO_0000019,assay format,O=C(O)Cc1ccccc1Nc1cc(Cl)cc(Cl)c1,Outside typical range,"Values for this activity type are unusually large/small, so may not be accurate",CHEMBL2429782,Med Chem Res,2013,,CHEMBL309569,,CHEMBL309569,,0,http://www.openphacts.org/units/Nanomolar,1920917,=,1,1,=,,IC50,nM,,12589254.12,CHEMBL2094253,Homo sapiens,Cyclooxygenase,9606,,,log(1/IC50),,UO_0000065,,1.9
,,13464787,[],CHEMBL2432168,Inhibition of COX (unknown origin),B,,,BAO_0000190,BAO_0000019,assay format,COc1c(O)cc(Cl)c(Nc2ccccc2CC(=O)O)c1Cl,Outside typical range,"Values for this activity type are unusually large/small, so may not be accurate",CHEMBL2429782,Med Chem Res,2013,,CHEMBL75976,,CHEMBL75976,,0,http://www.openphacts.org/units/Nanomolar,1920916,=,1,1,=,,IC50,nM,,13803842.65,CHEMBL2094253,Homo sapiens,Cyclooxygenase,9606,,,log(1/IC50),,UO_0000065,,1.86
,,13464788,[],CHEMBL2432168,Inhibition of COX (unknown origin),B,,,BAO_0000190,BAO_0000019,assay format,O=C(O)Cc1ccccc1Nc1ccc(Cl)cc1Cl,Outside typical range,"Values for this activity type are unusually large/small, so may not be accurate",CHEMBL2429782,Med Chem Res,2013,,CHEMBL310696,,CHEMBL310696,,0,http://www.openphacts.org/units/Nanomolar,1920915,=,1,1,=,,IC50,nM,,14125375.45,CHEMBL2094253,Homo sapiens,Cyclooxygenase,9606,,,log(1/IC50),,UO_0000065,,1.85
,,13464789,[],CHEMBL2432168,Inhibition of COX (unknown origin),B,,,BAO_0000190,BAO_0000019,assay format,CCc1cccc(CC)c1Nc1ccccc1CC(=O)O,Outside typical range,"Values for this activity type are unusually large/small, so may not be accurate",CHEMBL2429782,Med Chem Res,2013,,CHEMBL76151,,CHEMBL76151,,0,http://www.openphacts.org/units/Nanomolar,1920914,=,1,1,=,,IC50,nM,,14791083.88,CHEMBL2094253,Homo sapiens,Cyclooxygenase,9606,,,log(1/IC50),,UO_0000065,,1.83
,,13464790,[],CHEMBL2432168,Inhibition of COX (unknown origin),B,,,BAO_0000190,BAO_0000019,assay format,Cc1cc(C)c(C)c(Nc2ccc(Cl)cc2CC(=O)O)c1C,Outside typical range,"Values for this activity type are unusually large/small, so may not be accurate",CHEMBL2429782,Med Chem Res,2013,,CHEMBL75754,,CHEMBL75754,,0,http://www.openphacts.org/units/Nanomolar,1920913,=,1,1,=,,IC50,nM,,15135612.48,CHEMBL2094253,Homo sapiens,Cyclooxygenase,9606,,,log(1/IC50),,UO_0000065,,1.82
,,13464791,[],CHEMBL2432168,Inhibition of COX (unknown origin),B,,,BAO_0000190,BAO_0000019,assay format,O=C([O-])Cc1ccccc1Nc1c(F)cccc1Cl.[Na+],Outside typical range,"Values for this activity type are unusually large/small, so may not be accurate",CHEMBL2429782,Med Chem Res,2013,,CHEMBL76818,,CHEMBL260111,,0,http://www.openphacts.org/units/Nanomolar,1920912,=,1,1,=,,IC50,nM,,17782794.1,CHEMBL2094253,Homo sapiens,Cyclooxygenase,9606,,,log(1/IC50),,UO_0000065,,1.75
,,13464792,[],CHEMBL2432168,Inhibition of COX (unknown origin),B,,,BAO_0000190,BAO_0000019,assay format,Cc1cccc(Nc2ccccc2CC(=O)O)c1Cl,Outside typical range,"Values for this activity type are unusually large/small, so may not be accurate",CHEMBL2429782,Med Chem Res,2013,,CHEMBL449952,,CHEMBL449952,,0,http://www.openphacts.org/units/Nanomolar,1920911,=,1,1,=,,IC50,nM,,50118723.36,CHEMBL2094253,Homo sapiens,Cyclooxygenase,9606,,,log(1/IC50),,UO_0000065,,1.3
,,13464793,[],CHEMBL2432168,Inhibition of COX (unknown origin),B,,,BAO_0000190,BAO_0000019,assay format,O=C(O)Cc1c(Br)cccc1Nc1c(Cl)cccc1Cl,Outside typical range,"Values for this activity type are unusually large/small, so may not be accurate",CHEMBL2429782,Med Chem Res,2013,,CHEMBL77731,,CHEMBL77731,,0,http://www.openphacts.org/units/Nanomolar,1920910,=,1,1,=,,IC50,nM,,66069344.8,CHEMBL2094253,Homo sapiens,Cyclooxygenase,9606,,,log(1/IC50),,UO_0000065,,1.18
,,13464794,[],CHEMBL2432168,Inhibition of COX (unknown origin),B,,,BAO_0000190,BAO_0000019,assay format,Cc1ccc(Cl)c(Nc2ccccc2CC(=O)[O-])c1Cl.[Na+],Outside typical range,"Values for this activity type are unusually large/small, so may not be accurate",CHEMBL2429782,Med Chem Res,2013,,CHEMBL75811,,CHEMBL541236,,0,http://www.openphacts.org/units/Nanomolar,1920909,=,1,1,=,,IC50,nM,,70794578.44,CHEMBL2094253,Homo sapiens,Cyclooxygenase,9606,,,log(1/IC50),,UO_0000065,,1.15
,,13464795,[],CHEMBL2432168,Inhibition of COX (unknown origin),B,,,BAO_0000190,BAO_0000019,assay format,COc1ccc(Cl)c(Nc2ccccc2CC(=O)O)c1Cl,Outside typical range,"Values for this activity type are unusually large/small, so may not be accurate",CHEMBL2429782,Med Chem Res,2013,,CHEMBL76300,,CHEMBL76300,,0,http://www.openphacts.org/units/Nanomolar,1920908,=,1,1,=,,IC50,nM,,91201083.94,CHEMBL2094253,Homo sapiens,Cyclooxygenase,9606,,,log(1/IC50),,UO_0000065,,1.04
,,13464796,[],CHEMBL2432168,Inhibition of COX (unknown origin),B,,,BAO_0000190,BAO_0000019,assay format,Cc1c(Cl)cccc1Nc1ccccc1CC(=O)O,Outside typical range,"Values for this activity type are unusually large/small, so may not be accurate",CHEMBL2429782,Med Chem Res,2013,,CHEMBL77576,,CHEMBL77576,,0,http://www.openphacts.org/units/Nanomolar,1920907,=,1,1,=,,IC50,nM,,91201083.94,CHEMBL2094253,Homo sapiens,Cyclooxygenase,9606,,,log(1/IC50),,UO_0000065,,1.04
,,13464797,[],CHEMBL2432168,Inhibition of COX (unknown origin),B,,,BAO_0000190,BAO_0000019,assay format,O=C(O)Cc1ccccc1Nc1c(Cl)ccc(O)c1Cl,Outside typical range,"Values for this activity type are unusually large/small, so may not be accurate",CHEMBL2429782,Med Chem Res,2013,,CHEMBL1035,3'-HYDROXY-DICLOFENAC,CHEMBL1035,,0,http://www.openphacts.org/units/Nanomolar,1920906,=,1,1,=,,IC50,nM,,100000000.0,CHEMBL2094253,Homo sapiens,Cyclooxygenase,9606,,,log(1/IC50),,UO_0000065,,1.0
,,13464798,[],CHEMBL2432168,Inhibition of COX (unknown origin),B,,,BAO_0000190,BAO_0000019,assay format,O=C(O)Cc1ccccc1Nc1cccc(Cl)c1Cl,Outside typical range,"Values for this activity type are unusually large/small, so may not be accurate",CHEMBL2429782,Med Chem Res,2013,,CHEMBL306994,,CHEMBL306994,,0,http://www.openphacts.org/units/Nanomolar,1920905,=,1,1,=,,IC50,nM,,100000000.0,CHEMBL2094253,Homo sapiens,Cyclooxygenase,9606,,,log(1/IC50),,UO_0000065,,1.0
,,13464799,[],CHEMBL2432168,Inhibition of COX (unknown origin),B,,,BAO_0000190,BAO_0000019,assay format,Cc1cccc(C)c1Nc1ccccc1CC(=O)O,Outside typical range,"Values for this activity type are unusually large/small, so may not be accurate",CHEMBL2429782,Med Chem Res,2013,,CHEMBL76154,,CHEMBL76154,,0,http://www.openphacts.org/units/Nanomolar,1920904,=,1,1,=,,IC50,nM,,165958690.74,CHEMBL2094253,Homo sapiens,Cyclooxygenase,9606,,,log(1/IC50),,UO_0000065,,0.78
,,13464800,[],CHEMBL2432168,Inhibition of COX (unknown origin),B,,,BAO_0000190,BAO_0000019,assay format,Cc1cc(C)c(C)c(Nc2ccccc2CC(=O)O)c1C,Outside typical range,"Values for this activity type are unusually large/small, so may not be accurate",CHEMBL2429782,Med Chem Res,2013,,CHEMBL308378,,CHEMBL308378,,0,http://www.openphacts.org/units/Nanomolar,1920903,=,1,1,=,,IC50,nM,,165958690.74,CHEMBL2094253,Homo sapiens,Cyclooxygenase,9606,,,log(1/IC50),,UO_0000065,,0.78
,,13464801,[],CHEMBL2432168,Inhibition of COX (unknown origin),B,,,BAO_0000190,BAO_0000019,assay format,O=C(O)Cc1ccccc1Nc1c(Cl)cccc1I,Outside typical range,"Values for this activity type are unusually large/small, so may not be accurate",CHEMBL2429782,Med Chem Res,2013,,CHEMBL76372,,CHEMBL76372,,0,http://www.openphacts.org/units/Nanomolar,1920902,=,1,1,=,,IC50,nM,,501187233.63,CHEMBL2094253,Homo sapiens,Cyclooxygenase,9606,,,log(1/IC50),,UO_0000065,,0.3
,,13464802,[],CHEMBL2432168,Inhibition of COX (unknown origin),B,,,BAO_0000190,BAO_0000019,assay format,Cc1cccc(Nc2ccccc2CC(=O)O)c1C,Outside typical range,"Values for this activity type are unusually large/small, so may not be accurate",CHEMBL2429782,Med Chem Res,2013,,CHEMBL308821,,CHEMBL308821,,0,http://www.openphacts.org/units/Nanomolar,1921036,=,1,1,=,,IC50,nM,,501187233.63,CHEMBL2094253,Homo sapiens,Cyclooxygenase,9606,,,log(1/IC50),,UO_0000065,,0.3
,,13464803,[],CHEMBL2432168,Inhibition of COX (unknown origin),B,,,BAO_0000190,BAO_0000019,assay format,O=C([O-])Cc1ccccc1Nc1c(Cl)cccc1Br.[Na+],Outside typical range,"Values for this activity type are unusually large/small, so may not be accurate",CHEMBL2429782,Med Chem Res,2013,,CHEMBL308266,,CHEMBL1206792,,0,http://www.openphacts.org/units/Nanomolar,1921035,=,1,1,=,,IC50,nM,,524807460.25,CHEMBL2094253,Homo sapiens,Cyclooxygenase,9606,,,log(1/IC50),,UO_0000065,,0.28
,,13464804,[],CHEMBL2432168,Inhibition of COX (unknown origin),B,,,BAO_0000190,BAO_0000019,assay format,O=C([O-])Cc1ccccc1Nc1c(Cl)cc(F)cc1Cl.[Na+],Outside typical range,"Values for this activity type are unusually large/small, so may not be accurate",CHEMBL2429782,Med Chem Res,2013,,CHEMBL75858,,CHEMBL1205284,,0,http://www.openphacts.org/units/Nanomolar,1921034,=,1,1,=,,IC50,nM,,891250938.13,CHEMBL2094253,Homo sapiens,Cyclooxygenase,9606,,,log(1/IC50),,UO_0000065,,0.05
,,13464805,[],CHEMBL2432168,Inhibition of COX (unknown origin),B,,,BAO_0000190,BAO_0000019,assay format,O=C([O-])Cc1cc(Cl)ccc1Nc1c(Cl)cccc1Cl.[Na+],Outside typical range,"Values for this activity type are unusually large/small, so may not be accurate",CHEMBL2429782,Med Chem Res,2013,,CHEMBL76913,,CHEMBL1205293,,0,http://www.openphacts.org/units/Nanomolar,1921033,=,1,1,=,,IC50,nM,,794328234.72,CHEMBL2094253,Homo sapiens,Cyclooxygenase,9606,,,log(1/IC50),,UO_0000065,,0.1
,,13464806,[],CHEMBL2432168,Inhibition of COX (unknown origin),B,,,BAO_0000190,BAO_0000019,assay format,O=C([O-])Cc1cc(F)ccc1Nc1c(Cl)cccc1Cl.[Na+],Outside typical range,"Values for this activity type are unusually large/small, so may not be accurate",CHEMBL2429782,Med Chem Res,2013,,CHEMBL76912,,CHEMBL1205292,,0,http://www.openphacts.org/units/Nanomolar,1921032,=,1,1,=,,IC50,nM,,741310241.3,CHEMBL2094253,Homo sapiens,Cyclooxygenase,9606,,,log(1/IC50),,UO_0000065,,0.13
,,13464807,[],CHEMBL2432168,Inhibition of COX (unknown origin),B,,,BAO_0000190,BAO_0000019,assay format,O=C([O-])Cc1cc(F)ccc1Nc1c(Cl)cc(F)cc1Cl.[Na+],Outside typical range,"Values for this activity type are unusually large/small, so may not be accurate",CHEMBL2429782,Med Chem Res,2013,,CHEMBL77977,,CHEMBL1205300,,0,http://www.openphacts.org/units/Nanomolar,1921031,=,1,1,=,,IC50,nM,,562341325.19,CHEMBL2094253,Homo sapiens,Cyclooxygenase,9606,,,log(1/IC50),,UO_0000065,,0.25
,,15203820,[],CHEMBL3414016,Inhibition of CO (unknown origin),B,,,BAO_0000190,BAO_0000019,assay format,CC(C)(C)c1cc(-c2n[nH]c(=S)s2)cc(C(C)(C)C)c1O.C[N+](C)(C)CCO,,,CHEMBL3407389,Eur J Med Chem,2015,"{'bei': '18.91', 'le': '0.40', 'lle': '1.31', 'sei': '13.25'}",CHEMBL122193,,CHEMBL16659,6.10,0,http://www.openphacts.org/units/Nanomolar,2287416,=,1,1,=,,IC50,nM,,800.0,CHEMBL2094253,Homo sapiens,Cyclooxygenase,9606,,,IC50,uM,UO_0000065,,0.8
,,18326397,[],CHEMBL4135374,Inhibition of human kidney microsomal COX assessed as PGE2 level using arachidonic acid as substrate preincubated for 5 to 15 mins followed by substrate addition measured after 40 mins by radio immunoassay,B,,,BAO_0000190,BAO_0000019,assay format,Cc1ccc(-c2cc(C(F)(F)F)nn2-c2ccc(S(N)(=O)=O)cc2)cc1,,,CHEMBL4130504,Eur J Med Chem,2017,"{'bei': '18.49', 'le': '0.37', 'lle': '3.54', 'sei': '9.04'}",CHEMBL118,CELECOXIB,CHEMBL118,7.05,0,http://www.openphacts.org/units/Nanomolar,3042642,=,1,1,=,,IC50,nM,,89.0,CHEMBL2094253,Homo sapiens,Cyclooxygenase,9606,,,IC50,nM,UO_0000065,,89.0
,,18326398,[],CHEMBL4135374,Inhibition of human kidney microsomal COX assessed as PGE2 level using arachidonic acid as substrate preincubated for 5 to 15 mins followed by substrate addition measured after 40 mins by radio immunoassay,B,,,BAO_0000190,BAO_0000019,assay format,COc1ccc2c(c1)c1c(n2C(=O)c2ccc(Cl)cc2)CC(C)(C)CC1=O,,,CHEMBL4130504,Eur J Med Chem,2017,"{'bei': '19.12', 'le': '0.37', 'lle': '2.15', 'sei': '15.12'}",CHEMBL4161755,,CHEMBL4161755,7.30,0,http://www.openphacts.org/units/Nanomolar,3042643,=,1,1,=,,IC50,nM,,50.0,CHEMBL2094253,Homo sapiens,Cyclooxygenase,9606,,,IC50,nM,UO_0000065,,50.0
,,18326399,[],CHEMBL4135374,Inhibition of human kidney microsomal COX assessed as PGE2 level using arachidonic acid as substrate preincubated for 5 to 15 mins followed by substrate addition measured after 40 mins by radio immunoassay,B,,,BAO_0000190,BAO_0000019,assay format,COc1ccc2c(c1)c1c(n2Cc2ccc(Cl)cc2)CC(C)(C)CC1=O,,,CHEMBL4130504,Eur J Med Chem,2017,"{'bei': '20.00', 'le': '0.39', 'lle': '1.85', 'sei': '23.56'}",CHEMBL4169030,,CHEMBL4169030,7.36,0,http://www.openphacts.org/units/Nanomolar,3042644,=,1,1,=,,IC50,nM,,44.0,CHEMBL2094253,Homo sapiens,Cyclooxygenase,9606,,,IC50,nM,UO_0000065,,44.0
,,18326400,[],CHEMBL4135374,Inhibition of human kidney microsomal COX assessed as PGE2 level using arachidonic acid as substrate preincubated for 5 to 15 mins followed by substrate addition measured after 40 mins by radio immunoassay,B,,,BAO_0000190,BAO_0000019,assay format,COc1ccc2c(c1)c1c(n2S(=O)(=O)c2ccc(Cl)cc2)CC(C)(C)CC1=O,,,CHEMBL4130504,Eur J Med Chem,2017,"{'bei': '17.68', 'le': '0.36', 'lle': '2.69', 'sei': '11.30'}",CHEMBL4176892,,CHEMBL4176892,7.39,0,http://www.openphacts.org/units/Nanomolar,3042645,=,1,1,=,,IC50,nM,,41.0,CHEMBL2094253,Homo sapiens,Cyclooxygenase,9606,,,IC50,nM,UO_0000065,,41.0
,,18326401,[],CHEMBL4135374,Inhibition of human kidney microsomal COX assessed as PGE2 level using arachidonic acid as substrate preincubated for 5 to 15 mins followed by substrate addition measured after 40 mins by radio immunoassay,B,,,BAO_0000190,BAO_0000019,assay format,CS(=O)(=O)c1ccc2c(c1)c1c(n2C(=O)c2ccc(Cl)cc2)CCCC1,,,CHEMBL4130504,Eur J Med Chem,2017,"{'bei': '19.13', 'le': '0.39', 'lle': '3.15', 'sei': '13.22'}",CHEMBL4165597,,CHEMBL4165597,7.42,0,http://www.openphacts.org/units/Nanomolar,3042646,=,1,1,=,,IC50,nM,,38.0,CHEMBL2094253,Homo sapiens,Cyclooxygenase,9606,,,IC50,nM,UO_0000065,,38.0
,,18326402,[],CHEMBL4135374,Inhibition of human kidney microsomal COX assessed as PGE2 level using arachidonic acid as substrate preincubated for 5 to 15 mins followed by substrate addition measured after 40 mins by radio immunoassay,B,,,BAO_0000190,BAO_0000019,assay format,CS(=O)(=O)c1ccc2c(c1)c1c(n2Cc2ccc(Cl)cc2)CCCC1,,,CHEMBL4130504,Eur J Med Chem,2017,"{'bei': '20.24', 'le': '0.41', 'lle': '2.94', 'sei': '19.37'}",CHEMBL4173526,,CHEMBL4173526,7.57,0,http://www.openphacts.org/units/Nanomolar,3042647,=,1,1,=,,IC50,nM,,27.0,CHEMBL2094253,Homo sapiens,Cyclooxygenase,9606,,,IC50,nM,UO_0000065,,27.0
,,18326403,[],CHEMBL4135374,Inhibition of human kidney microsomal COX assessed as PGE2 level using arachidonic acid as substrate preincubated for 5 to 15 mins followed by substrate addition measured after 40 mins by radio immunoassay,B,,,BAO_0000190,BAO_0000019,assay format,CS(=O)(=O)c1ccc2c(c1)c1c(n2S(=O)(=O)c2ccc(Cl)cc2)CCCC1,,,CHEMBL4130504,Eur J Med Chem,2017,"{'bei': '17.82', 'le': '0.38', 'lle': '3.74', 'sei': '10.32'}",CHEMBL4177185,,CHEMBL4177185,7.55,0,http://www.openphacts.org/units/Nanomolar,3042648,=,1,1,=,,IC50,nM,,28.0,CHEMBL2094253,Homo sapiens,Cyclooxygenase,9606,,,IC50,nM,UO_0000065,,28.0
,,18326404,[],CHEMBL4135374,Inhibition of human kidney microsomal COX assessed as PGE2 level using arachidonic acid as substrate preincubated for 5 to 15 mins followed by substrate addition measured after 40 mins by radio immunoassay,B,,,BAO_0000190,BAO_0000019,assay format,CS(=O)(=O)c1ccc2c(c1)c1c(n2C(=O)c2ccc(Cl)cc2)CCCC1=O,,,CHEMBL4130504,Eur J Med Chem,2017,"{'bei': '19.01', 'le': '0.39', 'lle': '3.73', 'sei': '10.43'}",CHEMBL4169347,,CHEMBL4169347,7.64,0,http://www.openphacts.org/units/Nanomolar,3042649,=,1,1,=,,IC50,nM,,23.0,CHEMBL2094253,Homo sapiens,Cyclooxygenase,9606,,,IC50,nM,UO_0000065,,23.0
,,18326405,[],CHEMBL4135374,Inhibition of human kidney microsomal COX assessed as PGE2 level using arachidonic acid as substrate preincubated for 5 to 15 mins followed by substrate addition measured after 40 mins by radio immunoassay,B,,,BAO_0000190,BAO_0000019,assay format,CS(=O)(=O)c1ccc2c(c1)c1c(n2Cc2ccc(Cl)cc2)CCCC1=O,,,CHEMBL4130504,Eur J Med Chem,2017,"{'bei': '19.29', 'le': '0.39', 'lle': '3.21', 'sei': '13.33'}",CHEMBL4162061,,CHEMBL4162061,7.48,0,http://www.openphacts.org/units/Nanomolar,3042650,=,1,1,=,,IC50,nM,,33.0,CHEMBL2094253,Homo sapiens,Cyclooxygenase,9606,,,IC50,nM,UO_0000065,,33.0
,,18326406,[],CHEMBL4135374,Inhibition of human kidney microsomal COX assessed as PGE2 level using arachidonic acid as substrate preincubated for 5 to 15 mins followed by substrate addition measured after 40 mins by radio immunoassay,B,,,BAO_0000190,BAO_0000019,assay format,CS(=O)(=O)c1ccc2c(c1)c1c(n2S(=O)(=O)c2ccc(Cl)cc2)CCCC1=O,,,CHEMBL4130504,Eur J Med Chem,2017,"{'bei': '17.05', 'le': '0.36', 'lle': '4.02', 'sei': '8.27'}",CHEMBL4172740,,CHEMBL4172740,7.47,0,http://www.openphacts.org/units/Nanomolar,3042651,=,1,1,=,,IC50,nM,,34.0,CHEMBL2094253,Homo sapiens,Cyclooxygenase,9606,,,IC50,nM,UO_0000065,,34.0
,,20647796,[],CHEMBL4614912,Inhibition of COX (unknown origin),B,,,BAO_0000190,BAO_0000224,protein format,C[C@]12COc3cc(CCc4ccccc4)c(C(=O)O)c(O)c3[C@H]1C2,,,CHEMBL4613258,J Nat Prod,2020,"{'bei': '13.57', 'le': '0.25', 'lle': '0.64', 'sei': '6.59'}",CHEMBL4645665,,CHEMBL4645665,4.40,0,http://www.openphacts.org/units/Nanomolar,3475462,=,1,1,=,,IC50,nM,,39700.0,CHEMBL2094253,Homo sapiens,Cyclooxygenase,9606,,,IC50,uM,UO_0000065,,39.7
"{'action_type': 'INHIBITOR', 'description': 'Negatively effects (inhibits) the normal functioning of the protein e.g., prevention of enzymatic reaction or activation of downstream pathway', 'parent_type': 'NEGATIVE MODULATOR'}",,25106324,[],CHEMBL5263398,Inhibition of COX (unknown origin),B,,,BAO_0000190,BAO_0000224,protein format,Oc1cc2cc(c1O)Oc1ccc(cc1)CCc1ccc(O)c(O)c1Oc1cccc(c1)CC2,,,CHEMBL5260825,J Nat Prod,2018,"{'bei': '9.32', 'le': '0.17', 'lle': '-1.73', 'sei': '4.28'}",CHEMBL2040593,MARCHANTIN B,CHEMBL2040593,4.25,0,http://www.openphacts.org/units/Nanomolar,3937455,=,1,1,=,,IC50,nM,,55900.0,CHEMBL2094253,Homo sapiens,Cyclooxygenase,9606,,,IC50,uM,UO_0000065,,55.9
"{'action_type': 'INHIBITOR', 'description': 'Negatively effects (inhibits) the normal functioning of the protein e.g., prevention of enzymatic reaction or activation of downstream pathway', 'parent_type': 'NEGATIVE MODULATOR'}",,25106325,[],CHEMBL5263398,Inhibition of COX (unknown origin),B,,,BAO_0000190,BAO_0000224,protein format,Oc1cc2cc(c1O)Oc1ccc(cc1)CCc1cccc(O)c1Oc1cccc(c1)CC2,,,CHEMBL5260825,J Nat Prod,2018,"{'bei': '9.84', 'le': '0.18', 'lle': '-1.94', 'sei': '5.48'}",CHEMBL2040589,MARCHANTIN A,CHEMBL2040589,4.33,0,http://www.openphacts.org/units/Nanomolar,3937454,=,1,1,=,,IC50,nM,,46400.0,CHEMBL2094253,Homo sapiens,Cyclooxygenase,9606,,,IC50,uM,UO_0000065,,46.4
"{'action_type': 'INHIBITOR', 'description': 'Negatively effects (inhibits) the normal functioning of the protein e.g., prevention of enzymatic reaction or activation of downstream pathway', 'parent_type': 'NEGATIVE MODULATOR'}",,25106326,[],CHEMBL5263398,Inhibition of COX (unknown origin),B,,,BAO_0000190,BAO_0000224,protein format,COC1Cc2cccc(c2)Oc2c(O)cccc2CCc2ccc(cc2)Oc2cc1cc(O)c2O,,,CHEMBL5260825,J Nat Prod,2018,"{'bei': '9.00', 'le': '0.17', 'lle': '-2.18', 'sei': '4.79'}",CHEMBL2040590,MARCHANTIN E,CHEMBL2040590,4.24,0,http://www.openphacts.org/units/Nanomolar,3937456,=,1,1,=,,IC50,nM,,58000.0,CHEMBL2094253,Homo sapiens,Cyclooxygenase,9606,,,IC50,uM,UO_0000065,,58.0
"{'action_type': 'INHIBITOR', 'description': 'Negatively effects (inhibits) the normal functioning of the protein e.g., prevention of enzymatic reaction or activation of downstream pathway', 'parent_type': 'NEGATIVE MODULATOR'}",,25106327,[],CHEMBL5263398,Inhibition of COX (unknown origin),B,,,BAO_0000190,BAO_0000224,protein format,Oc1ccc2c(c1)CCc1ccc(cc1)Oc1cc(ccc1O)CCc1ccc-2c(O)c1,,,CHEMBL5260825,J Nat Prod,2018,"{'bei': '10.06', 'le': '0.18', 'lle': '-1.88', 'sei': '6.11'}",CHEMBL411317,RICCARDI C,CHEMBL411317,4.27,0,http://www.openphacts.org/units/Nanomolar,3937470,=,1,1,=,,IC50,nM,,53500.0,CHEMBL2094253,Homo sapiens,Cyclooxygenase,9606,,,IC50,uM,UO_0000065,,53.5
"{'action_type': 'INHIBITOR', 'description': 'Negatively effects (inhibits) the normal functioning of the protein e.g., prevention of enzymatic reaction or activation of downstream pathway', 'parent_type': 'NEGATIVE MODULATOR'}",,25106328,[],CHEMBL5263398,Inhibition of COX (unknown origin),B,,,BAO_0000190,BAO_0000224,protein format,COc1cc(CCc2cccc(Oc3c(O)cccc3CCC3=CCC(O)C=C3)c2)cc(O)c1O,,,CHEMBL5260825,J Nat Prod,2018,"{'bei': '9.16', 'le': '0.17', 'lle': '-1.23', 'sei': '4.37'}",CHEMBL5273538,,CHEMBL5273538,4.34,0,http://www.openphacts.org/units/Nanomolar,3937486,=,1,1,=,,IC50,nM,,45200.0,CHEMBL2094253,Homo sapiens,Cyclooxygenase,9606,,,IC50,uM,UO_0000065,,45.2
"{'action_type': 'INHIBITOR', 'description': 'Negatively effects (inhibits) the normal functioning of the protein e.g., prevention of enzymatic reaction or activation of downstream pathway', 'parent_type': 'NEGATIVE MODULATOR'}",,25106329,[],CHEMBL5263398,Inhibition of COX (unknown origin),B,,,BAO_0000190,BAO_0000224,protein format,C=C(C)[C@H]1Cc2c(CCc3ccccc3)cc(O)c(O)c2O1,,,CHEMBL5260825,J Nat Prod,2018,"{'bei': '15.46', 'le': '0.28', 'lle': '0.82', 'sei': '9.22'}",CHEMBL4640352,,CHEMBL4640352,4.58,0,http://www.openphacts.org/units/Nanomolar,3937495,=,1,1,=,,IC50,nM,,26200.0,CHEMBL2094253,Homo sapiens,Cyclooxygenase,9606,,,IC50,uM,UO_0000065,,26.2
"{'action_type': 'INHIBITOR', 'description': 'Negatively effects (inhibits) the normal functioning of the protein e.g., prevention of enzymatic reaction or activation of downstream pathway', 'parent_type': 'NEGATIVE MODULATOR'}",,25106330,[],CHEMBL5263398,Inhibition of COX (unknown origin),B,,,BAO_0000190,BAO_0000224,protein format,CC1=CCc2c(cc(CCc3ccccc3)c(C(=O)O)c2O)OC1,,,CHEMBL5260825,J Nat Prod,2018,"{'bei': '13.57', 'le': '0.25', 'lle': '0.64', 'sei': '6.59'}",CHEMBL5271282,,CHEMBL5271282,4.40,0,http://www.openphacts.org/units/Nanomolar,3937499,=,1,1,=,,IC50,nM,,39700.0,CHEMBL2094253,Homo sapiens,Cyclooxygenase,9606,,,IC50,uM,UO_0000065,,39.7
"{'action_type': 'INHIBITOR', 'description': 'Negatively effects (inhibits) the normal functioning of the protein e.g., prevention of enzymatic reaction or activation of downstream pathway', 'parent_type': 'NEGATIVE MODULATOR'}",,25650364,[],CHEMBL5370740,Inhibition of COX (unknown origin),B,,,BAO_0000190,BAO_0000224,protein format,CCc1cccc2c3c([nH]c12)C(CC)(CC(=O)O)OCC3,,,CHEMBL5370523,Eur J Med Chem,2023,"{'bei': '25.31', 'le': '0.47', 'lle': '3.89', 'sei': '11.67'}",CHEMBL622,ETODOLAC,CHEMBL622,7.27,0,http://www.openphacts.org/units/Nanomolar,3996265,=,1,1,=,,IC50,nM,,53.5,CHEMBL2094253,Homo sapiens,Cyclooxygenase,9606,,,IC50,nM,UO_0000065,,53.5
